,Budget,Profit
31,160000000,-99344497
32,100000000,-96941620
33,190000000,-96582135
34,130000000,-96407585
35,170000000,-96179906
36,100000000,-95588898
37,200000000,-94780265
38,94000000,-93990787
39,170000000,-93153376
40,92000000,-91973129
41,126000000,-90200974
42,126000000,-90200974
43,90000000,-89809438
44,120000000,-89787380
45,100000000,-88958772
46,190000000,-88214518
47,150000000,-88062505
48,140000000,-87207693
49,98000000,-87000000
50,150000000,-86856188
51,175000000,-86753780
52,110000000,-85995841
53,110000000,-85995841
54,107000000,-84593638
55,107000000,-84593638
56,149000000,-84540684
57,84450000,-83832772
58,200000000,-83406809
59,225000000,-83385977
60,90000000,-83287549
61,130000000,-82603302
62,130000000,-80448338
63,81200000,-79860848
64,95000000,-77823100
65,178000000,-77810499
66,100000000,-76985496
67,150000000,-76896216
68,105000000,-76227778
69,105000000,-76227778
70,120000000,-76070659
71,100000000,-75014388
72,140000000,-74992955
73,140000000,-74992955
74,102000000,-74901420
75,175000000,-74710310
76,200000000,-74679997
77,115000000,-74088170
78,135000000,-71007672
79,86000000,-70868670
80,80000000,-69833498
81,75000000,-69590483
82,130000000,-69477903
83,70000000,-69382160
84,112000000,-69223741
85,150000000,-67838031
86,115000000,-67047980
87,84000000,-66989354
88,150000000,-66359574
89,155000000,-65267965
90,100000000,-64975525
91,80000000,-64928486
92,65000000,-64927587
93,100000000,-64831323
94,70000000,-64148812
95,120000000,-63885779
96,120000000,-63885779
97,70000000,-62902875
98,165000000,-62684455
99,90000000,-62643910
100,80000000,-62406609
101,200000000,-62149904
102,80000000,-61682000
103,130000000,-61357548
104,87000000,-60917086
105,80000000,-60519261
106,75000000,-60432117
107,80000000,-60326576
108,60000000,-59977549
109,110000000,-59973647
110,100000000,-59801290
111,71000000,-59533912
112,60000000,-59331829
113,260000000,-59192738
114,80000000,-59049180
115,135000000,-57435963
116,80000000,-56780252
117,90000000,-56425668
118,70000000,-56403089
119,170000000,-56254592
120,150000000,-56073614
121,180000000,-55948241
122,180000000,-55948241
123,70000000,-55705158
124,60000000,-55464883
125,120000000,-55263886
126,65000000,-54985766
127,75000000,-54684676
128,185000000,-54531374
129,100000000,-53559509
130,70000000,-52781920
131,70000000,-52526755
132,60000000,-52394332
133,85000000,-52305212
134,75000000,-52248021
135,135000000,-51975100
136,65000000,-51249444
137,70000000,-51178721
138,70000000,-51009458
139,65000000,-50781132
140,90000000,-50707978
141,155000000,-50616376
142,100000000,-50607905
143,105000000,-50299935
144,57000000,-50231945
145,70000000,-50180506
146,52000000,-50108179
147,88000000,-50100362
148,76000000,-49999390
149,50000000,-49976894
150,200000000,-49649808
151,50000000,-49300000
152,55000000,-49244714
153,116000000,-48844258
154,107000000,-48816034
155,50000000,-48793865
156,132000000,-48651080
157,110000000,-48343151
158,54000000,-48339916
159,60000000,-48197944
160,50000000,-48012713
161,60000000,-47934015
162,50000000,-47824688
163,50000000,-47791061
164,55000000,-47778542
165,70000000,-47468302
166,82000000,-47456299
167,105000000,-47362515
168,55000000,-47128307
169,80000000,-47114435
170,60000000,-46917712
171,70000000,-46840695
172,55000000,-46644185
173,60000000,-46604061
174,225000000,-45979146
175,65000000,-45940982
176,82000000,-45618284
177,55000000,-45516179
178,65000000,-45451936
179,80000000,-45433254
180,90000000,-45393665
181,75000000,-44986654
182,85000000,-44951668
183,245000000,-44925825
184,45000000,-44854891
185,72000000,-44203958
186,95000000,-44197339
187,110000000,-43997807
188,80000000,-43926768
189,77000000,-43798339
190,50000000,-43708398
191,50000000,-43528606
192,56000000,-43129431
193,86000000,-43122835
194,45000000,-42845460
195,145000000,-42823835
196,60000000,-42718168
197,100000000,-42633738
198,90000000,-42525888
199,44000000,-42500000
200,60000000,-41791922
201,100000000,-41779224
202,175000000,-41771652
203,145000000,-41599308
204,57000000,-41472875
205,80000000,-41457582
206,85000000,-41424284
207,47000000,-41400000
208,100000000,-41392993
209,100000000,-41392993
210,100000000,-41132306
211,60000000,-40923185
212,47000000,-40832183
213,76000000,-40713572
214,59660000,-40712370
215,117000000,-40581346
216,80000000,-40557129
217,60000000,-40554783
218,45000000,-40415114
219,60000000,-40218121
220,50000000,-40204983
221,57000000,-40008098
222,40000000,-39871022
223,50000000,-39862768
224,70000000,-39842984
225,50000000,-39600000
226,40000000,-39488080
227,50000000,-39443804
228,72000000,-39383131
229,90000000,-39371991
230,40000000,-39347474
231,45000000,-39335749
232,50000000,-39293214
233,68000000,-39034803
234,40000000,-38972251
235,55000000,-38911390
236,55000000,-38735525
237,80000000,-38476729
238,45000000,-38434505
239,55000000,-38359790
240,75000000,-38023633
241,80000000,-37955679
242,63000000,-37948000
243,44000000,-37894825
244,60000000,-37673753
245,60000000,-37566085
246,85000000,-37407175
247,38000000,-37376626
248,45000000,-37083113
249,65000000,-36954460
250,70000000,-36894400
251,45000000,-36870545
252,80000000,-36709023
253,51000000,-36624819
254,75000000,-36490658
255,47000000,-36460586
256,50000000,-36439040
257,55000000,-36426209
258,62000000,-36142013
259,120000000,-35962961
260,150000000,-35946421
261,75000000,-35748872
262,45000000,-35646427
263,55000000,-35610546
264,65000000,-35344410
265,40000000,-35222993
266,40000000,-35164032
267,35000000,-34950587
268,36000000,-34931608
269,35000000,-34816875
270,39200000,-34636971
271,100000000,-34547688
272,35000000,-34369221
273,68000000,-34314732
274,40000000,-34226481
275,40000000,-34226481
276,40000000,-34226481
277,105000000,-33982216
278,200000000,-33887833
279,40000000,-33885763
280,36000000,-33873489
281,45000000,-33853591
282,41000000,-33795862
283,55000000,-33716560
284,60000000,-33711680
285,68000000,-33649447
286,68000000,-33649447
287,145000000,-33494358
288,60000000,-33383410
289,50000000,-33328495
290,39000000,-33118496
291,70000000,-33068911
292,36000000,-33045595
293,45000000,-32973330
294,64000000,-32945076
295,33000000,-32900538
296,35000000,-32778006
297,40000000,-32737712
298,100000000,-32713269
299,68000000,-32675768
300,55000000,-32637500
301,65000000,-32401069
302,100000000,-32368843
303,100000000,-32368843
304,40000000,-32310542
305,70000000,-32245792
306,70000000,-32239920
307,55000000,-32156953
308,58000000,-32100000
309,70000000,-32098491
310,38600000,-32005864
311,60000000,-31968750
312,65000000,-31951647
313,90000000,-31770880
314,65000000,-31671949
315,70000000,-31654597
316,200000000,-31631573
317,50000000,-31527637
318,69000000,-31483987
319,47000000,-31480159
320,57000000,-31471505
321,120000000,-30978265
322,31000000,-30915039
323,31000000,-30915039
324,60000000,-30863374
325,84000000,-30784021
326,32000000,-30695163
327,70000000,-30619558
328,150000000,-30579748
329,35000000,-30573703
330,90000000,-30524377
331,37000000,-30517805
332,35000000,-30503417
333,40000000,-30410125
334,50000000,-30406260
335,35000000,-30348023
336,40000000,-30348000
337,38000000,-30340253
338,57000000,-30161611
339,55000000,-29959707
340,60000000,-29936195
341,62000000,-29821223
342,58000000,-29671868
343,85000000,-29649103
344,75000000,-29643614
345,50000000,-29610033
346,38000000,-29593736
347,75000000,-29565557
348,50000000,-29511421
349,30000000,-29500737
350,45000000,-29476832
351,30000000,-29462420
352,93000000,-29459980
353,50000000,-29449288
354,40000000,-29359355
355,95000000,-29346242
356,60000000,-29304773
357,90000000,-29125385
358,30300000,-29103248
359,32000000,-29100030
360,35000000,-29067940
361,70000000,-29067628
362,36000000,-29000000
363,52000000,-28979512
364,29000000,-28935714
365,140000000,-28889425
366,60000000,-28888740
367,60000000,-28834579
368,42000000,-28791977
369,52000000,-28675334
370,35000000,-28551183
371,60000000,-28505730
372,32000000,-28437251
373,58000000,-28419913
374,35000000,-28407897
375,49900000,-28342760
376,60000000,-28329069
377,65000000,-28169943
378,31000000,-28159583
379,30000000,-28134226
380,75000000,-27999515
381,85000000,-27989147
382,53000000,-27968963
383,60000000,-27877751
384,40000000,-27818516
385,70000000,-27805940
386,70000000,-27727253
387,38000000,-27700000
388,45000000,-27699111
389,35000000,-27541731
390,50000000,-27481675
391,60000000,-27477648
392,34000000,-27456806
393,100000000,-27339971
394,100000000,-27339971
395,28000000,-27330724
396,75000000,-27251390
397,30000000,-27130631
398,60000000,-27059493
399,60000000,-27059493
400,35000000,-27051841
401,30000000,-27024351
402,58000000,-26800785
403,35000000,-26675252
404,40000000,-26623494
405,70000000,-26573039
406,88000000,-26355679
407,42000000,-26261368
408,40000000,-26161870
409,30000000,-26095018
410,65000000,-26033943
411,45000000,-26003245
412,50000000,-25993274
413,63000000,-25976605
414,144000000,-25900341
415,144000000,-25900341
416,50000000,-25872105
417,42000000,-25747235
418,27000000,-25739083
419,30000000,-25643000
420,40000000,-25641967
421,45000000,-25622273
422,40000000,-25551411
423,30000000,-25536708
424,25500000,-25458771
425,90000000,-25314641
426,45000000,-25280070
427,40000000,-25057578
428,40000000,-25032818
429,25000000,-24995244
430,25000000,-24977277
431,100000000,-24969837
432,25000000,-24943308
433,35000000,-24923864
434,25000000,-24922769
435,60000000,-24903810
436,45000000,-24898139
437,50000000,-24878709
438,25000000,-24865096
439,35000000,-24862498
440,35000000,-24860746
441,175000000,-24832370
442,25000000,-24816338
443,35000000,-24785987
444,60000000,-24768635
445,28000000,-24745828
446,35000000,-24731154
447,40000000,-24720320
448,30000000,-24700000
449,45000000,-24697039
450,33000000,-24673965
451,92000000,-24655608
452,45000000,-24599087
453,50000000,-24592750
454,50000000,-24549473
455,110000000,-24536691
456,35000000,-24500032
457,35000000,-24500032
458,80000000,-24326667
459,25000000,-24282247
460,27000000,-24224407
461,25000000,-24222577
462,25000000,-24128473
463,25000000,-24123329
464,35000000,-24043621
465,40000000,-24037529
466,35000000,-24008619
467,45000000,-23990820
468,24000000,-23979782
469,60000000,-23962091
470,24000000,-23957120
471,55000000,-23948874
472,25000000,-23910635
473,125000000,-23839471
474,25000000,-23813043
475,50000000,-23800483
476,60000000,-23720770
477,40000000,-23676031
478,36000000,-23660367
479,35000000,-23594175
480,50000000,-23557749
481,25000000,-23487185
482,50000000,-23463880
483,25000000,-23450000
484,28000000,-23445431
485,150000000,-23402879
486,42000000,-23399089
487,35000000,-23368755
488,34000000,-23345419
489,34000000,-23345419
490,80000000,-23315181
491,75000000,-23185810
492,24000000,-23117290
493,29000000,-23100203
494,178000000,-23014913
495,36000000,-22947259
496,50000000,-22932840
497,28000000,-22795993
498,100000000,-22777816
499,34000000,-22772060
500,29000000,-22698869
501,33000000,-22673938
502,65000000,-22654469
503,70000000,-22620910
504,30000000,-22556993
505,70000000,-22543550
506,44000000,-22528315
507,27000000,-22523765
508,60000000,-22520222
509,150000000,-22509198
510,85000000,-22505025
511,130000000,-22496684
512,28000000,-22467699
513,66000000,-22431493
514,50000000,-22332053
515,26000000,-22324928
516,100000000,-22320362
517,23000000,-22236956
518,115000000,-21949883
519,25000000,-21926608
520,35000000,-21898858
521,22000000,-21878028
522,50000000,-21866841
523,95000000,-21790660
524,85000000,-21775151
525,35000000,-21735014
526,36000000,-21621647
527,35000000,-21598317
528,35000000,-21598317
529,70000000,-21569645
530,40000000,-21561851
531,55000000,-21527150
532,25000000,-21482203
533,65000000,-21467706
534,30000000,-21464425
535,90000000,-21441338
536,100000000,-21383311
537,120000000,-21219958
538,55000000,-21171682
539,50000000,-21162885
540,42000000,-21084535
541,65000000,-21017158
542,65000000,-21017158
543,28000000,-21001676
544,21000000,-20984407
545,22000000,-20949555
546,25000000,-20935667
547,22000000,-20924712
548,55000000,-20901437
549,40000000,-20881753
550,40000000,-20848136
551,55000000,-20761389
552,38000000,-20694789
553,45000000,-20656327
554,45000000,-20656327
555,40000000,-20593594
556,26000000,-20540176
557,21000000,-20519686
558,45000000,-20479108
559,35000000,-20412268
560,23000000,-20291812
561,100000000,-20288322
562,22000000,-20203976
563,85000000,-20066330
564,21000000,-20041681
565,35000000,-20001930
566,25000000,-20000000
567,70000000,-19983606
568,20000000,-19982851
569,60000000,-19923562
570,40000000,-19886035
571,28000000,-19880795
572,25000000,-19871876
573,30000000,-19865246
574,45000000,-19799588
575,20000000,-19736635
576,40000000,-19700000
577,20000000,-19694930
578,50000000,-19693732
579,19900000,-19647348
580,20000000,-19624526
581,20000000,-19596068
582,20000000,-19596068
583,28000000,-19565399
584,20000000,-19523730
585,27000000,-19513094
586,80000000,-19492772
587,25000000,-19483292
588,60000000,-19440070
589,38000000,-19346254
590,25000000,-19345223
591,120000000,-19314120
592,55000000,-19292673
593,24000000,-19289545
594,31000000,-19145306
595,30000000,-19119074
596,28000000,-19111857
597,40000000,-19083691
598,30000000,-19044575
599,22000000,-19036988
600,30000000,-19034791
601,40000000,-19000897
602,19000000,-18987439
603,34000000,-18918217
604,24000000,-18891180
605,41000000,-18891023
606,90000000,-18851301
607,40000000,-18823678
608,20000000,-18816646
609,20000000,-18809982
610,70000000,-18774204
611,22000000,-18752184
612,35000000,-18704226
613,32000000,-18696681
614,43000000,-18592056
615,40000000,-18586498
616,43000000,-18569728
617,26000000,-18503478
618,100000000,-18442521
619,150000000,-18435269
620,30000000,-18423913
621,20000000,-18353336
622,22500000,-18309470
623,20000000,-18302044
624,27000000,-18287436
625,32000000,-18236870
626,48000000,-18218547
627,50000000,-18125131
628,50000000,-18125131
629,30000000,-18100000
630,85000000,-18058441
631,35000000,-18011004
632,20000000,-18000000
633,18000000,-17954750
634,21000000,-17918075
635,18000000,-17872563
636,25000000,-17843067
637,27500000,-17835684
638,20000000,-17754000
639,22000000,-17726628
640,125000000,-17714996
641,19000000,-17707473
642,20000000,-17680813
643,20000000,-17680813
644,20000000,-17646272
645,42000000,-17624564
646,70000000,-17525384
647,49000000,-17430732
648,52000000,-17419365
649,35000000,-17403744
650,55000000,-17399565
651,35000000,-17390018
652,52000000,-17363557
653,18000000,-17323302
654,30000000,-17287907
655,40000000,-17282242
656,50000000,-17258404
657,31500000,-17231467
658,17500000,-17174509
659,30000000,-17168879
660,30000000,-17168879
661,28000000,-17092709
662,30000000,-17012353
663,28000000,-16969037
664,60000000,-16939434
665,60000000,-16880121
666,19000000,-16880006
667,23000000,-16855194
668,17000000,-16726580
669,27000000,-16702103
670,35000000,-16693834
671,35000000,-16682849
672,35000000,-16675758
673,60000000,-16662721
674,150000000,-16624154
675,150000000,-16617691
676,68000000,-16603219
677,21000000,-16601608
678,16800000,-16579086
679,50000000,-16577194
680,20000000,-16480373
681,55000000,-16446167
682,35000000,-16406844
683,25000000,-16400000
684,50000000,-16356539
685,20000000,-16250939
686,83000000,-16137932
687,23000000,-16076109
688,22000000,-16025347
689,37000000,-16008503
690,37000000,-16008503
691,20000000,-15998879
692,20000000,-15997045
693,16000000,-15997036
694,30000000,-15981636
695,30000000,-15791616
696,20000000,-15765960
697,35000000,-15705099
698,16000000,-15682875
699,40000000,-15667676
700,32000000,-15622726
701,52000000,-15614237
702,24000000,-15572796
703,23000000,-15565274
704,55000000,-15559345
705,35000000,-15552522
706,150000000,-15481610
707,17000000,-15430082
708,16000000,-15365723
709,35000000,-15307392
710,69500000,-15278000
711,38000000,-15229136
712,15300000,-15218475
713,15500000,-15186564
714,15500000,-15182960
715,22000000,-15147856
716,52000000,-15116461
717,30000000,-15111972
718,17000000,-15000000
719,20000000,-14994117
720,15000000,-14979620
721,15000000,-14976909
722,15000000,-14971130
723,52000000,-14964155
724,25000000,-14930000
725,15000000,-14926452
726,170000000,-14888185
727,25000000,-14885685
728,40000000,-14882502
729,20000000,-14867345
730,30000000,-14843800
731,50000000,-14831605
732,40000000,-14821835
733,15000000,-14816912
734,18000000,-14796956
735,20000000,-14794657
736,35000000,-14724554
737,17000000,-14684317
738,25000000,-14675559
739,20000000,-14666342
740,40000000,-14664065
741,15000000,-14646257
742,150000000,-14618493
743,15000000,-14600121
744,35000000,-14577793
745,37000000,-14549025
746,16000000,-14491311
747,15000000,-14386444
748,24000000,-14360758
749,105000000,-14353446
750,16000000,-14333738
751,15500000,-14318803
752,16000000,-14313571
753,34000000,-14306109
754,20000000,-14298357
755,18000000,-14292206
756,30000000,-14290615
757,25000000,-14280633
758,20000000,-14250866
759,18000000,-14247275
760,25000000,-14230040
761,32000000,-14202684
762,90000000,-14182006
763,21000000,-14169043
764,31000000,-14168495
765,14200000,-14125795
766,25000000,-14088250
767,70000000,-14057170
768,80000000,-14051289
769,61000000,-14024817
770,16000000,-14015257
771,60000000,-14003282
772,20000000,-13997244
773,25000000,-13991568
774,15000000,-13960131
775,38000000,-13955468
776,14000000,-13953505
777,14000000,-13936740
778,14000000,-13924922
779,175000000,-13912817
780,25000000,-13900000
781,14000000,-13884496
782,35000000,-13870652
783,26000000,-13811358
784,27000000,-13751523
785,18000000,-13749680
786,26000000,-13723190
787,15000000,-13705360
788,15000000,-13642958
789,40000000,-13595247
790,160000000,-13594629
791,18000000,-13585465
792,18000000,-13585465
793,16000000,-13571117
794,24000000,-13568780
795,18000000,-13564917
796,25000000,-13461796
797,20000000,-13436643
798,69000000,-13414611
799,13500000,-13414567
800,55000000,-13390407
801,40000000,-13383001
802,32000000,-13363463
803,58000000,-13334037
804,19430000,-13320925
805,13500000,-13313646
806,127000000,-13266274
807,13400000,-13236409
808,35000000,-13215568
809,14000000,-13200000
810,16000000,-13150858
811,30000000,-13069116
812,15000000,-13046268
813,15000000,-13045798
814,14000000,-13000000
815,13000000,-12976053
816,40000000,-12946185
817,17000000,-12931913
818,45000000,-12904682
819,30000000,-12879981
820,44000000,-12863050
821,23500000,-12803790
822,15000000,-12796359
823,13000000,-12785034
824,30000000,-12733495
825,20000000,-12731341
826,13000000,-12698695
827,13000000,-12663533
828,27000000,-12662421
829,20000000,-12617007
830,65000000,-12602611
831,40000000,-12600000
832,15000000,-12587955
833,50000000,-12513862
834,22000000,-12471908
835,20000000,-12436000
836,55000000,-12390000
837,23000000,-12339853
838,40000000,-12336018
839,22000000,-12305895
840,18000000,-12305599
841,30000000,-12249417
842,14000000,-12247786
843,26000000,-12170266
844,21000000,-12144354
845,35000000,-12122192
846,18000000,-12112543
847,35000000,-12086323
848,29000000,-12069815
849,17000000,-12069202
850,30000000,-12048569
851,18500000,-12037424
852,20000000,-12000000
853,18000000,-12000000
854,13000000,-11975825
855,25000000,-11961340
856,20000000,-11945720
857,12000000,-11934196
858,20000000,-11906682
859,20000000,-11895931
860,12000000,-11880078
861,12000000,-11858147
862,13000000,-11849597
863,19000000,-11843275
864,125000000,-11834365
865,13000000,-11827231
866,12000000,-11824630
867,135000000,-11792806
868,12000000,-11785798
869,55000000,-11752860
870,30000000,-11747316
871,12000000,-11738519
872,30000000,-11701351
873,12800000,-11689814
874,12000000,-11666024
875,16000000,-11643257
876,24000000,-11627590
877,78000000,-11537400
878,26000000,-11530572
879,14000000,-11526000
880,20000000,-11500000
881,30000000,-11499034
882,23000000,-11491577
883,120000000,-11478165
884,40000000,-11464232
885,12000000,-11451066
886,20000000,-11413624
887,12500000,-11410555
888,50000000,-11409500
889,11400000,-11386249
890,19400000,-11352310
891,25000000,-11348338
892,12500000,-11272676
893,28000000,-11220364
894,16000000,-11160617
895,12000000,-11139998
896,11350000,-11120689
897,20000000,-11111645
898,38000000,-11096291
899,30000000,-11032429
900,25000000,-11026468
901,25000000,-11026468
902,27000000,-11011124
903,24000000,-11000000
904,15000000,-10993094
905,13000000,-10964434
906,17000000,-10938241
907,40000000,-10922453
908,25000000,-10904697
909,14000000,-10899350
910,80000000,-10897090
911,13000000,-10896000
912,20000000,-10890678
913,40000000,-10886412
914,25000000,-10825346
915,50000000,-10822459
916,23000000,-10810486
917,23000000,-10810486
918,15000000,-10806975
919,12000000,-10802214
920,15000000,-10764163
921,150000000,-10740241
922,35000000,-10723500
923,100000000,-10703427
924,30000000,-10683354
925,28000000,-10675256
926,22000000,-10673164
927,25000000,-10665355
928,48000000,-10660475
929,11000000,-10647214
930,15000000,-10639452
931,34000000,-10639221
932,40000000,-10625822
933,19000000,-10603058
934,15000000,-10514515
935,25000000,-10500000
936,12000000,-10493002
937,17500000,-10482822
938,20000000,-10474724
939,22000000,-10439741
940,25000000,-10410556
941,25000000,-10362510
942,25000000,-10362510
943,12000000,-10297723
944,20000000,-10285518
945,15000000,-10265765
946,140000000,-10265197
947,17000000,-10265156
948,18000000,-10260951
949,65000000,-10241539
950,80000000,-10227031
951,50000000,-10221401
952,12000000,-10220716
953,23000000,-10217492
954,40000000,-10197239
955,18000000,-10162368
956,28000000,-10151678
957,17000000,-10144863
958,56000000,-10139961
959,48000000,-10120004
960,16000000,-10100000
961,15000000,-10043599
962,25000000,-10016428
963,18000000,-10000000
964,10000000,-9996393
965,10000000,-9994439
966,26000000,-9994022
967,10000000,-9984553
968,23000000,-9980747
969,10000000,-9980652
970,15000000,-9976725
971,60000000,-9975917
972,12000000,-9939047
973,25000000,-9908458
974,35000000,-9906393
975,10000000,-9871514
976,10000000,-9868383
977,13000000,-9830576
978,36000000,-9816803
979,60000000,-9810821
980,40000000,-9800895
981,15000000,-9782502
982,12000000,-9777353
983,10000000,-9773208
984,22000000,-9767063
985,35000000,-9733871
986,58000000,-9708376
987,14000000,-9708035
988,15000000,-9693553
989,10000000,-9693285
990,12000000,-9673593
991,10000000,-9634266
992,52000000,-9561700
993,10000000,-9552250
994,10000000,-9550442
995,22000000,-9530189
996,9600000,-9528558
997,10000000,-9511128
998,18000000,-9491157
999,10000000,-9468991
1000,20000000,-9455857
1001,60000000,-9450893
1002,20000000,-9444652
1003,9500000,-9441786
1004,20000000,-9430929
1005,10000000,-9421473
1006,10000000,-9401355
1007,45000000,-9382401
1008,65000000,-9362320
1009,26000000,-9352616
1010,15000000,-9297917
1011,63000000,-9284389
1012,14000000,-9258013
1013,18000000,-9257739
1014,88000000,-9252415
1015,85000000,-9245330
1016,22000000,-9215287
1017,60000000,-9192361
1018,60000000,-9181250
1019,35000000,-9136085
1020,10000000,-9133222
1021,35000000,-9128166
1022,10000000,-9117710
1023,10000000,-9099074
1024,50000000,-9094723
1025,30000000,-9018367
1026,40000000,-9018150
1027,11000000,-9012238
1028,40000000,-9006456
1029,26000000,-9000954
1030,15000000,-9000000
1031,9000000,-8999838
1032,10000000,-8988946
1033,9000000,-8972555
1034,25000000,-8972134
1035,20000000,-8965564
1036,60000000,-8954199
1037,19000000,-8950114
1038,10000000,-8944346
1039,250000000,-8936125
1040,45000000,-8935090
1041,209000000,-8930592
1042,65000000,-8916034
1043,9000000,-8887065
1044,25000000,-8881923
1045,12000000,-8851518
1046,20000000,-8830469
1047,25000000,-8752225
1048,50000000,-8743723
1049,10000000,-8723016
1050,10000000,-8690151
1051,8900000,-8674623
1052,9000000,-8650382
1053,12800000,-8642509
1054,15000000,-8626307
1055,39000000,-8600000
1056,15000000,-8590794
1057,30000000,-8573195
1058,109000000,-8553105
1059,200000000,-8549125
1060,50000000,-8517793
1061,35000000,-8505389
1062,22000000,-8444012
1063,8400000,-8394275
1064,8500000,-8368825
1065,10000000,-8368161
1066,75000000,-8363615
1067,8500000,-8359756
1068,17000000,-8337682
1069,10000000,-8245681
1070,11500000,-8224415
1071,20000000,-8216000
1072,30000000,-8199698
1073,11000000,-8192146
1074,50000000,-8185137
1075,35000000,-8185043
1076,11000000,-8167174
1077,30000000,-8164216
1078,40000000,-8163255
1079,13000000,-8142624
1080,58000000,-8124411
1081,9000000,-8116113
1082,95000000,-8102818
1083,13000000,-8080104
1084,135000000,-8069340
1085,10000000,-8060559
1086,12000000,-8049706
1087,25000000,-8030610
1088,9000000,-8000000
1089,13500000,-7998060
1090,13000000,-7997690
1091,12000000,-7981305
1092,11000000,-7965819
1093,9000000,-7953834
1094,8000000,-7946519
1095,18500000,-7937613
1096,11000000,-7925162
1097,10000000,-7913655
1098,25000000,-7900000
1099,8000000,-7899497
1100,8000000,-7891338
1101,25000000,-7885118
1102,8000000,-7882810
1103,8000000,-7872856
1104,20000000,-7865580
1105,10000000,-7814734
1106,53000000,-7792888
1107,15000000,-7780422
1108,22000000,-7747170
1109,15500000,-7725270
1110,28000000,-7714482
1111,17000000,-7713686
1112,24000000,-7709024
1113,8000000,-7701890
1114,8000000,-7696561
1115,70000000,-7678961
1116,10000000,-7668682
1117,8000000,-7663544
1118,8000000,-7601580
1119,20000000,-7601372
1120,17000000,-7569012
1121,18000000,-7505506
1122,130000000,-7487948
1123,80000000,-7484640
1124,30000000,-7474079
1125,30000000,-7473856
1126,9000000,-7469465
1127,8000000,-7467810
1128,15000000,-7443292
1129,8000000,-7431305
1130,110000000,-7391173
1131,20000000,-7373095
1132,70000000,-7352460
1133,7500000,-7302852
1134,12000000,-7282545
1135,25000000,-7281777
1136,11000000,-7246194
1137,15000000,-7242870
1138,7900000,-7228760
1139,23000000,-7214368
1140,23000000,-7214368
1141,25000000,-7208969
1142,40000000,-7200000
1143,40000000,-7146360
1144,13000000,-7128397
1145,9600000,-7116045
1146,12000000,-7115337
1147,12000000,-7097000
1148,12000000,-7077834
1149,24000000,-7035257
1150,35000000,-7027590
1151,92000000,-6982599
1152,7000000,-6976162
1153,12000000,-6967504
1154,66000000,-6964896
1155,10000000,-6958197
1156,7000000,-6953549
1157,10000000,-6939142
1158,35000000,-6935774
1159,30000000,-6929955
1160,8000000,-6928760
1161,15000000,-6919884
1162,37000000,-6894032
1163,23000000,-6876149
1164,16000000,-6827190
1165,31000000,-6814219
1166,7000000,-6803933
1167,10000000,-6794756
1168,30000000,-6790560
1169,6800000,-6789304
1170,20000000,-6785970
1171,80000000,-6784690
1172,8495000,-6782889
1173,7000000,-6766897
1174,13000000,-6758303
1175,6800000,-6750474
1176,10000000,-6666177
1177,20000000,-6662701
1178,68000000,-6644564
1179,29000000,-6640707
1180,45000000,-6639805
1181,15000000,-6621859
1182,7000000,-6617054
1183,20000000,-6616263
1184,20000000,-6608826
1185,7000000,-6546921
1186,75000000,-6526640
1187,40000000,-6491078
1188,7000000,-6470234
1189,7000000,-6467012
1190,12000000,-6457975
1191,13500000,-6439124
1192,6500000,-6433363
1193,6500000,-6429473
1194,10000000,-6428265
1195,6500000,-6389971
1196,13000000,-6384422
1197,20000000,-6369774
1198,9200000,-6364114
1199,8000000,-6358212
1200,20000000,-6349262
1201,35000000,-6312165
1202,15000000,-6264471
1203,95000000,-6238280
1204,60000000,-6210687
1205,8000000,-6210108
1206,20000000,-6198245
1207,11000000,-6185756
1208,20000000,-6146000
1209,25000000,-6139597
1210,40000000,-6135658
1211,7200000,-6105202
1212,6200000,-6073753
1213,40000000,-6072524
1214,12000000,-6050307
1215,9000000,-6044961
1216,20000000,-6012518
1217,35000000,-6004550
1218,8000000,-6002193
1219,6000000,-5987157
1220,6000000,-5973565
1221,43000000,-5964485
1222,6000000,-5963503
1223,7000000,-5959121
1224,30000000,-5952000
1225,6000000,-5945394
1226,15000000,-5940412
1227,6000000,-5884138
1228,6000000,-5882440
1229,15000000,-5876166
1230,6500000,-5813617
1231,9000000,-5806898
1232,10000000,-5755845
1233,64000000,-5744713
1234,8000000,-5724443
1235,10000000,-5719423
1236,20000000,-5708430
1237,57000000,-5682650
1238,7000000,-5669173
1239,6000000,-5628919
1240,15000000,-5603513
1241,6000000,-5600389
1242,5600000,-5572976
1243,50000000,-5515935
1244,27000000,-5500000
1245,25530000,-5482285
1246,7300000,-5481319
1247,5500000,-5477230
1248,6500000,-5470983
1249,5500000,-5443993
1250,65000000,-5382932
1251,17000000,-5365542
1252,7000000,-5345633
1253,50000000,-5262941
1254,7000000,-5261308
1255,19000000,-5246069
1256,12000000,-5245102
1257,7000000,-5231584
1258,57000000,-5225998
1259,6000000,-5204874
1260,26000000,-5180871
1261,10818775,-5149694
1262,6000000,-5130675
1263,13000000,-5118665
1264,7000000,-5110478
1265,49000000,-5094254
1266,60000000,-5089440
1267,15000000,-5071000
1268,55000000,-5005196
1269,12000000,-4998280
1270,10000000,-4995352
1271,70000000,-4988000
1272,8000000,-4985459
1273,5000000,-4983934
1274,7000000,-4937934
1275,5000000,-4934913
1276,8000000,-4923575
1277,30000000,-4921063
1278,35000000,-4920684
1279,60000000,-4907170
1280,5000000,-4907100
1281,137000000,-4877005
1282,5000000,-4875280
1283,5000000,-4863568
1284,5000000,-4857000
1285,7000000,-4851788
1286,79000000,-4841843
1287,85000000,-4829854
1288,16500000,-4797910
1289,5000000,-4776122
1290,21000000,-4715640
1291,5000000,-4703335
1292,35000000,-4692196
1293,5000000,-4673692
1294,100000000,-4671063
1295,7000000,-4655153
1296,18000000,-4637692
1297,14000000,-4597590
1298,20000000,-4591178
1299,15000000,-4588020
1300,8000000,-4557180
1301,15000000,-4556684
1302,20000000,-4535974
1303,30000000,-4527033
1304,10000000,-4515625
1305,18000000,-4508347
1306,15000000,-4505853
1307,27000000,-4505513
1308,27000000,-4505513
1309,5250000,-4483513
1310,6500000,-4475146
1311,4500000,-4391771
1312,7400000,-4370130
1313,42000000,-4347435
1314,23000000,-4346385
1315,35000000,-4330587
1316,9000000,-4318497
1317,35000000,-4308561
1318,17000000,-4306379
1319,20000000,-4287928
1320,8000000,-4286998
1321,8200000,-4241500
1322,15000000,-4236531
1323,6500000,-4231704
1324,5500000,-4207881
1325,20000000,-4202093
1326,7217600,-4170061
1327,4600000,-4165583
1328,9000000,-4118133
1329,90000000,-4115185
1330,4600000,-4086164
1331,12000000,-4081717
1332,33000000,-4072280
1333,23000000,-4065142
1334,8500000,-4059945
1335,16000000,-4043793
1336,4800000,-4021435
1337,60000000,-4005443
1338,4000000,-3991940
1339,4000000,-3987164
1340,4000000,-3979738
1341,6000000,-3974762
1342,37000000,-3962246
1343,10000000,-3955382
1344,5000000,-3943898
1345,6000000,-3922954
1346,5000000,-3917956
1347,5000000,-3900000
1348,4000000,-3898945
1349,6000000,-3877439
1350,12000000,-3865783
1351,4000000,-3856347
1352,15000000,-3855482
1353,4000000,-3853598
1354,4000000,-3814423
1355,10000000,-3802134
1356,10000000,-3798243
1357,6000000,-3792025
1358,4500000,-3786587
1359,3800000,-3785127
1360,3800000,-3780041
1361,4500000,-3772117
1362,4000000,-3771476
1363,20000000,-3751299
1364,70000000,-3742998
1365,28000000,-3731172
1366,40000000,-3716496
1367,4825000,-3714714
1368,39000000,-3712212
1369,3800000,-3699331
1370,8000000,-3649226
1371,110000000,-3630883
1372,4500000,-3628423
1373,4000000,-3628103
1374,4000000,-3624277
1375,14000000,-3602635
1376,4000000,-3600207
1377,8550000,-3557841
1378,60000000,-3556518
1379,130000000,-3535096
1380,5000000,-3525492
1381,10000000,-3508650
1382,30000000,-3474166
1383,12500000,-3469419
1384,3500000,-3462394
1385,4000000,-3457140
1386,25000000,-3445415
1387,4000000,-3437941
1388,3500000,-3403207
1389,35000000,-3401692
1390,35000000,-3401692
1391,6000000,-3400000
1392,3500000,-3398772
1393,15000000,-3385764
1394,10000000,-3380827
1395,7500000,-3368360
1396,40000000,-3334146
1397,30000000,-3312828
1398,8000000,-3307186
1399,60000000,-3297099
1400,3500000,-3279766
1401,5000000,-3270031
1402,7500000,-3260233
1403,21000000,-3242913
1404,3850000,-3238291
1405,8700000,-3219004
1406,18000000,-3206096
1407,4000000,-3200000
1408,3800000,-3189032
1409,10000000,-3157942
1410,4000000,-3135041
1411,19000000,-3088667
1412,38000000,-3087018
1413,13000000,-3024316
1414,5000000,-3019662
1415,50000000,-3017368
1416,10000000,-3017320
1417,4700000,-2994861
1418,8000000,-2981550
1419,3000000,-2978000
1420,3000000,-2973655
1421,6000000,-2970919
1422,100000000,-2969275
1423,3000000,-2960148
1424,40000000,-2898989
1425,20000000,-2895331
1426,50000000,-2894915
1427,3400000,-2864751
1428,7300000,-2856597
1429,18000000,-2844228
1430,38000000,-2816208
1431,25000000,-2800000
1432,3000000,-2799197
1433,14000000,-2795501
1434,15000000,-2787583
1435,5000000,-2778191
1436,26000000,-2777139
1437,6000000,-2726412
1438,18000000,-2718714
1439,22000000,-2716218
1440,4200000,-2712523
1441,3000000,-2697796
1442,4000000,-2674927
1443,22000000,-2648431
1444,40000000,-2628615
1445,3500000,-2613590
1446,2700000,-2604984
1447,3000000,-2581732
1448,6000000,-2567658
1449,14000000,-2566866
1450,2600000,-2561892
1451,5000000,-2554354
1452,5600000,-2535644
1453,25000000,-2533006
1454,6500000,-2499696
1455,9500000,-2497745
1456,20000000,-2481780
1457,35000000,-2480678
1458,20000000,-2470843
1459,8500000,-2452144
1460,15000000,-2450515
1461,50000000,-2446488
1462,40000000,-2446068
1463,18000000,-2438373
1464,10000000,-2436330
1465,2500000,-2428096
1466,10000000,-2425934
1467,2500000,-2424273
1468,6000000,-2411568
1469,2500000,-2407809
1470,2500000,-2400149
1471,7500000,-2400000
1472,2500000,-2326217
1473,10000000,-2308300
1474,15000000,-2298120
1475,3000000,-2296998
1476,2300000,-2292073
1477,5000000,-2288790
1478,7000000,-2279629
1479,2450000,-2271261
1480,40000000,-2247069
1481,23000000,-2236987
1482,10000000,-2235973
1483,22000000,-2216223
1484,55000000,-2200996
1485,15000000,-2198810
1486,20000000,-2196204
1487,20000000,-2195727
1488,2500000,-2177843
1489,2200000,-2095743
1490,16000000,-2077789
1491,27000000,-2055787
1492,15600000,-2028183
1493,28000000,-2022635
1494,13000000,-2003560
1495,16000000,-2001718
1496,16000000,-2001718
1497,2000000,-1997564
1498,2000000,-1995042
1499,15000000,-1994515
1500,3000000,-1971342
1501,15000000,-1965583
1502,2500000,-1951288
1503,5000000,-1950865
1504,2000000,-1947834
1505,15000000,-1939157
1506,10000000,-1929689
1507,20000000,-1918374
1508,40000000,-1912244
1509,2000000,-1907599
1510,5000000,-1906509
1511,2000000,-1900853
1512,40000000,-1894923
1513,16000000,-1891482
1514,10000000,-1888640
1515,2000000,-1875506
1516,5500000,-1870242
1517,50000000,-1845268
1518,11000000,-1829786
1519,40000000,-1823108
1520,2200000,-1820357
1521,6500000,-1806081
1522,2000000,-1801593
1523,12000000,-1801234
1524,3000000,-1800000
1525,5000000,-1780971
1526,12500000,-1774772
1527,50000000,-1734419
1528,2000000,-1730939
1529,14000000,-1717323
1530,4000000,-1661305
1531,8000000,-1649942
1532,1650000,-1647420
1533,35000000,-1642524
1534,6000000,-1605064
1535,2000000,-1604408
1536,2000000,-1589759
1537,35000000,-1576479
1538,4000000,-1573149
1539,1600000,-1573107
1540,7000000,-1569178
1541,2800000,-1552547
1542,10000000,-1539005
1543,2300000,-1507034
1544,1500000,-1499297
1545,13000000,-1498907
1546,1500000,-1496522
1547,145000000,-1476537
1548,25000000,-1472045
1549,56000000,-1459475
1550,6000000,-1457225
1551,40000000,-1456527
1552,1900000,-1455956
1553,55000000,-1425912
1554,2400000,-1421092
1555,5300000,-1404336
1556,4000000,-1398153
1557,48000000,-1388796
1558,1400000,-1381565
1559,1500000,-1380159
1560,1400000,-1363170
1561,30000000,-1355230
1562,2000000,-1346379
1563,75000000,-1338990
1564,1500000,-1336755
1565,2500000,-1336492
1566,22000000,-1331157
1567,1500000,-1326934
1568,17000000,-1318980
1569,7000000,-1305692
1570,1500000,-1305432
1571,65000000,-1304240
1572,18000000,-1297136
1573,8000000,-1260859
1574,50000000,-1254850
1575,1500000,-1234893
1576,15000000,-1233986
1577,2000000,-1231955
1578,2500000,-1217916
1579,15000000,-1217162
1580,4500000,-1212565
1581,16000000,-1207221
1582,4000000,-1200000
1583,3000000,-1178017
1584,1500000,-1172081
1585,20000000,-1156686
1586,1200000,-1141064
1587,6000000,-1140525
1588,1500000,-1126033
1589,20000000,-1117120
1590,4000000,-1107418
1591,1400000,-1095876
1592,1500000,-1093965
1593,1500000,-1081047
1594,2000000,-1047380
1595,1100000,-1043871
1596,23000000,-1026818
1597,28000000,-1000000
1598,1000000,-999279
1599,1000000,-993613
1600,1000000,-989982
1601,1000000,-987004
1602,1000000,-980461
1603,1000000,-978790
1604,5000000,-959412
1605,25000000,-957510
1606,16000000,-954324
1607,1592000,-953049
1608,1300000,-945296
1609,1000000,-937520
1610,18000000,-928770
1611,930000,-909814
1612,48000000,-904547
1613,1000000,-903266
1614,2000000,-901776
1615,1000000,-895923
1616,900000,-893357
1617,4500000,-890722
1618,900000,-881622
1619,2000000,-865951
1620,1000000,-855569
1621,7000000,-826515
1622,18000000,-825130
1623,3000000,-818710
1624,825000,-809722
1625,1066167,-808054
1626,900000,-799341
1627,7000000,-799244
1628,7500000,-787759
1629,1500000,-787706
1630,11000000,-785353
1631,3000000,-776010
1632,24000000,-774089
1633,800000,-758291
1634,15000000,-750995
1635,42000000,-747572
1636,3700000,-744000
1637,4800000,-736141
1638,1000000,-725339
1639,1000000,-720718
1640,13000000,-718500
1641,1000000,-712239
1642,1700000,-707762
1643,750000,-702671
1644,4500000,-701468
1645,85000000,-696442
1646,5000000,-693303
1647,1300000,-690958
1648,17000000,-688237
1649,750000,-672499
1650,800000,-655417
1651,3500000,-651422
1652,6000000,-640226
1653,80000000,-636215
1654,80000000,-636215
1655,650000,-631531
1656,105000000,-625893
1657,1200000,-605096
1658,1300000,-604771
1659,1000000,-603965
1660,600000,-586507
1661,16000000,-572808
1662,1000000,-535874
1663,1000000,-535345
1664,4000000,-531428
1665,10000000,-526618
1666,2000000,-522998
1667,900000,-518814
1668,1000000,-515779
1669,32000000,-506218
1670,16000000,-500000
1671,500000,-498668
1672,35000000,-492921
1673,500000,-486866
1674,1900000,-479422
1675,500000,-477000
1676,500000,-473703
1677,35000000,-468168
1678,500000,-468063
1679,500000,-467355
1680,42000000,-456793
1681,500000,-451570
1682,500000,-447150
1683,3500000,-428053
1684,600000,-428012
1685,9000000,-420316
1686,9000000,-420316
1687,1000000,-417976
1688,500000,-401983
1689,7000000,-398921
1690,14000000,-360000
1691,500000,-354460
1692,500000,-345923
1693,20000000,-338013
1694,3300000,-338009
1695,17000000,-315648
1696,5000000,-299639
1697,300000,-297532
1698,1500000,-278739
1699,400000,-273613
1700,500000,-262699
1701,500000,-256653
1702,1300000,-239409
1703,1750211,-226328
1704,500000,-204532
1705,1000000,-201659
1706,250000,-200506
1707,200000,-198889
1708,10000000,-198218
1709,200000,-194801
1710,26000000,-190187
1711,500000,-165959
1712,200000,-140621
1713,27000000,-123471
1714,225000,-113700
1715,6000000,-104762
1716,20000000,-100000
1717,2000000,-99275
1718,3000000,-87637
1719,3000000,-73435
1720,450000,-70878
1721,15000000,-61430
1722,18500000,-60918
1723,4000000,-49971
1724,250000,-46866
1725,560000,-44995
1726,300000,-44648
1727,70000,-39916
1728,850000,-30061
1729,20000000,-23927
1730,60000,-19443
1731,1000000,-17786
1732,2000000,-15622
1733,15000000,-10239
1734,160000,-4016
1735,14000,-1333
1736,50000000,7168
1737,5000000,9677
1738,150000,41309
1739,4000000,46737
1740,270000,48622
1741,6800000,57096
1742,950000,57962
1743,40000,70536
1744,140000000,80850
1745,1100,84122
1746,15000000,100000
1747,500000,103943
1748,100000000,117603
1749,365000,124220
1750,60000000,128566
1751,4500,131507
1752,50000000,150619
1753,6000000,165429
1754,10000,170483
1755,42000,199816
1756,10000000,200000
1757,800000,201437
1758,40000000,203020
1759,16000000,204793
1760,70000000,224196
1761,40000,237233
1762,20000000,241395
1763,1700000,243649
1764,2600000,250263
1765,20000000,259297
1766,22000000,264487
1767,1000000,277257
1768,8000000,279017
1769,7000000,292175
1770,3000000,293258
1771,1100000,300000
1772,4000000,301331
1773,5000000,308707
1774,13500000,323741
1775,65000,324804
1776,18000000,329466
1777,16000000,346122
1778,1300000,347780
1779,120000,349947
1780,80000000,360866
1781,850000,393961
1782,500000,406666
1783,25100000,417500
1784,7000,417760
1785,700000,441829
1786,7000000,455447
1787,60000,476767
1788,5000000,480318
1789,500000,485341
1790,2000000,506446
1791,30000000,513940
1792,30000000,523568
1793,2600000,530592
1794,2000000,557668
1795,3000000,559990
1796,10000000,561238
1797,60000000,573641
1798,218,591796
1799,590000,595783
1800,15000000,608545
1801,500000,614943
1802,25000000,615792
1803,250000,652835
1804,200000,656942
1805,10000,663780
1806,6000000,670712
1807,1000000,677838
1808,33000000,682273
1809,15000000,700000
1810,32000000,701088
1811,2000000,706659
1812,1000000,744858
1813,180000,745402
1814,55000000,747724
1815,28000000,751715
1816,26000000,761283
1817,1500000,783276
1818,21500000,794341
1819,2700000,800000
1820,250000,800600
1821,225000,802119
1822,50000000,815288
1823,50000000,815288
1824,10000000,824921
1825,2500000,825638
1826,44000000,834712
1827,6000000,851636
1828,1500000,865931
1829,3000000,902679
1830,12000000,902790
1831,1000000,950218
1832,312000,969176
1833,229575,999622
1834,1200000,999853
1835,24000000,1003072
1836,33000000,1014398
1837,33000000,1014398
1838,50000000,1019112
1839,10000000,1043445
1840,14000000,1062898
1841,46000,1081331
1842,75000000,1081498
1843,6900000,1093039
1844,40000000,1102171
1845,3000000,1109095
1846,3000000,1142507
1847,5000000,1157157
1848,9000000,1161099
1849,24000000,1167270
1850,38000000,1177215
1851,50000000,1178893
1852,6000000,1186670
1853,20000000,1200000
1854,23000,1204508
1855,100000,1216074
1856,100000000,1228120
1857,5000000,1239558
1858,1800000,1250934
1859,800000,1273984
1860,400000,1289999
1861,2000000,1335839
1862,300000,1352472
1863,7000000,1373585
1864,5600000,1409668
1865,20000000,1413105
1866,2200000,1445438
1867,15000000,1459004
1868,14000000,1483540
1869,1000000,1508841
1870,500000,1547570
1871,14000000,1549702
1872,12500000,1560950
1873,2000000,1590010
1874,11000000,1610731
1875,1200000,1612029
1876,1500000,1623749
1877,30000000,1655091
1878,1200000,1659955
1879,7500000,1676553
1880,13000000,1677654
1881,17500000,1679969
1882,10000000,1703287
1883,250000,1727544
1884,30000000,1743332
1885,5000000,1755271
1886,40000000,1797066
1887,45000000,1815748
1888,3500000,1854039
1889,439000,1861000
1890,2000000,1885134
1891,130000000,1920333
1892,55000000,1932305
1893,1500000,1947339
1894,1000000,1957978
1895,700000,1994973
1896,30000000,2000000
1897,7000,2033920
1898,30000000,2048809
1899,30000000,2048809
1900,170000000,2051787
1901,170000000,2051787
1902,33000000,2057332
1903,300000,2060184
1904,7000000,2094451
1905,11000000,2103828
1906,8000000,2106233
1907,65000000,2128202
1908,38000000,2137776
1909,30000000,2154410
1910,30000000,2154410
1911,16500000,2163911
1912,7000000,2166863
1913,48000000,2173190
1914,32000000,2180954
1915,7000000,2190525
1916,11000000,2214255
1917,15000000,2237244
1918,450000,2262293
1919,8000000,2269307
1920,1900000,2270647
1921,14000000,2298046
1922,35000000,2304950
1923,45000000,2307550
1924,3600000,2323044
1925,12000000,2348123
1926,13500000,2354988
1927,30000000,2357532
1928,13000000,2361537
1929,1000000,2386698
1930,609000,2391000
1931,60000000,2401264
1932,15000000,2411331
1933,379000,2429000
1934,15000000,2439163
1935,35000000,2481242
1936,19000000,2483154
1937,26000000,2501651
1938,26000000,2501651
1939,15000000,2508670
1940,10000000,2514138
1941,4000000,2525762
1942,23000000,2556065
1943,11000000,2558739
1944,10000000,2570442
1945,8000000,2572742
1946,40000000,2575718
1947,3200000,2576314
1948,35200000,2588228
1949,11000000,2592872
1950,6000000,2596914
1951,40000000,2615685
1952,32000000,2667015
1953,28000000,2688364
1954,960000,2690677
1955,2900000,2695428
1956,1900000,2700000
1957,225000,2713208
1958,150000,2732062
1959,50000000,2752475
1960,1000000,2773863
1961,30000000,2774834
1962,53000000,2808744
1963,8000000,2814185
1964,12600000,2817771
1965,50000000,2822418
1966,6000000,2828771
1967,25000,2831622
1968,3000000,2844929
1969,200000000,2853933
1970,9000000,2860839
1971,21500000,2862501
1972,9000000,2883495
1973,3500000,2890032
1974,2500000,2900000
1975,11000000,2903262
1976,230000,2921130
1977,14000000,2929123
1978,7500000,2960089
1979,62000000,3000000
1980,1100000,3005123
1981,75000000,3009155
1982,16000000,3057024
1983,32000000,3063732
1984,68000000,3069884
1985,2700000,3092822
1986,1500000,3099680
1987,75000000,3120196
1988,2000000,3132222
1989,250000,3138210
1990,60000,3156970
1991,20000000,3179303
1992,65000000,3208190
1993,32000000,3228696
1994,1000000,3231500
1995,19000000,3245861
1996,750000,3257792
1997,42000000,3290318
1998,20000000,3292105
1999,12000000,3294553
2000,200000,3300000
2001,4700000,3325872
2002,110000000,3330342
2003,2400000,3331103
2004,25000000,3341469
2005,15000000,3352454
2006,2000000,3383834
2007,20000000,3393765
2008,55000000,3422650
2009,34000000,3432299
2010,45000000,3472213
2011,3000000,3517198
2012,250000,3549339
2013,13000000,3574731
2014,72000000,3600000
2015,28000000,3600000
2016,10500000,3614488
2017,150000000,3629485
2018,6500000,3649779
2019,350000,3650000
2020,100000000,3738726
2021,50100000,3746915
2022,3400000,3759147
2023,3500000,3767324
2024,5000000,3786715
2025,6000000,3821335
2026,4000000,3825820
2027,25000000,3831145
2028,22000000,3842000
2029,2500000,3901336
2030,1800000,3909616
2031,250000,3936931
2032,1000000,3946250
2033,800000,3971000
2034,57000000,3984028
2035,38000000,3997790
2036,35000000,4026186
2037,8000000,4055108
2038,3000000,4059537
2039,20000000,4104113
2040,15000000,4158074
2041,80000000,4185387
2042,5000000,4203192
2043,3768785,4231215
2044,25000000,4247405
2045,3300000,4263397
2046,3000000,4282851
2047,21000000,4296447
2048,12000000,4300302
2049,200000,4305922
2050,70000000,4329966
2051,23000000,4338033
2052,2500000,4351969
2053,21150000,4440119
2054,18000000,4452209
2055,10000000,4479776
2056,2000000,4531491
2057,14000000,4535191
2058,30000000,4604054
2059,16000000,4627372
2060,5000000,4628751
2061,26000000,4659817
2062,35000000,4692139
2063,30000000,4703228
2064,2000000,4719300
2065,32000000,4733909
2066,13000000,4738570
2067,27000000,4768374
2068,750000,4768918
2069,210000,4790000
2070,43000000,4806295
2071,3300000,4808247
2072,20000000,4848292
2073,24000000,4871190
2074,52500000,4886369
2075,3000000,4888703
2076,1200000,4900000
2077,18000000,4927390
2078,120000000,4976634
2079,1000000,4997134
2080,50000000,4997476
2081,28000000,5000377
2082,13000000,5004225
2083,25000000,5012990
2084,12000000,5016190
2085,3200000,5043880
2086,20000000,5077977
2087,250000000,5108370
2088,7500000,5110552
2089,3000000,5114507
2090,100000,5128617
2091,15000000,5218921
2092,25000000,5222640
2093,500000,5239376
2094,30000000,5266619
2095,30000000,5266619
2096,12000000,5292381
2097,35000000,5334024
2098,2000000,5369373
2099,15000000,5433940
2100,6000000,5434867
2101,50000000,5473600
2102,40000000,5500797
2103,30000000,5565975
2104,15000000,5566327
2105,7000000,5583510
2106,20000000,5584685
2107,12000000,5613460
2108,45000000,5648679
2109,11000000,5667084
2110,20000000,5677801
2111,50000000,5682070
2112,35000000,5687294
2113,17000000,5734486
2114,45000000,5740078
2115,8600000,5773825
2116,6000000,5797927
2117,15000000,5801344
2118,110000000,5802596
2119,40000000,5856732
2120,1500000,5862100
2121,32000000,5911876
2122,25000000,5920167
2123,30000000,5927406
2124,3500000,5949219
2125,17500000,5972900
2126,18000000,5993605
2127,15000000,5998709
2128,20000000,6003149
2129,40000000,6012734
2130,36000000,6019483
2131,1000000,6022940
2132,10000000,6033556
2133,4000000,6097096
2134,10000000,6153600
2135,3500000,6201559
2136,14000000,6246959
2137,40000000,6280507
2138,2700000,6354736
2139,15000000,6383298
2140,20000000,6415649
2141,4000000,6515579
2142,25000000,6526393
2143,33000000,6532308
2144,160000,6546368
2145,12000000,6595716
2146,500000,6598492
2147,8500000,6671475
2148,50000000,6724080
2149,60000000,6734992
2150,19000000,6753840
2151,6000000,6793213
2152,10000000,6800000
2153,3500000,6805534
2154,6500000,6867101
2155,7000000,6876974
2156,8000000,6879556
2157,35000000,6954997
2158,175000,6962502
2159,27000000,6987757
2160,2000000,7003011
2161,7000000,7003141
2162,25000000,7003620
2163,133000000,7015224
2164,3000000,7017041
2165,40000000,7034272
2166,30000000,7036404
2167,25000000,7055248
2168,19000000,7096584
2169,700000,7130611
2170,35000000,7168445
2171,15000000,7189039
2172,26000000,7200000
2173,5000000,7200000
2174,6000000,7235267
2175,9000000,7235293
2176,63000000,7236496
2177,20000000,7277055
2178,25000000,7368960
2179,11000000,7381787
2180,17000000,7397469
2181,25000000,7416109
2182,24000000,7452765
2183,14000000,7468807
2184,100000000,7515297
2185,10000000,7544812
2186,25000000,7553210
2187,21000000,7563179
2188,32000000,7568996
2189,45000000,7580895
2190,18000000,7592632
2191,30000000,7617947
2192,10000000,7655201
2193,95000000,7678089
2194,15500000,7713577
2195,40000000,7781388
2196,70000000,7862546
2197,37000000,7867349
2198,50000000,7887882
2199,7000000,7891000
2200,5000000,7947763
2201,1200000,7980275
2202,22000000,7997095
2203,13000000,8000000
2204,1000000,8013113
2205,70000000,8031620
2206,6500000,8045844
2207,7000000,8047419
2208,22000000,8059386
2209,4500000,8074715
2210,75000000,8077470
2211,13000000,8088568
2212,15000000,8089926
2213,9000000,8096053
2214,900000,8100000
2215,8000000,8115878
2216,8000000,8168741
2217,36000000,8175394
2218,6400000,8197405
2219,30000000,8232624
2220,5000000,8269963
2221,10000000,8272447
2222,50000000,8297830
2223,110000000,8311368
2224,50000000,8336565
2225,5000000,8350177
2226,130000000,8396624
2227,18000000,8400000
2228,55000000,8408614
2229,30000000,8413606
2230,30000000,8432823
2231,75000000,8503161
2232,12500000,8578145
2233,48000000,8607223
2234,25000000,8631221
2235,25000000,8631221
2236,3000000,8642254
2237,24000000,8662299
2238,910000,8690000
2239,3000000,8694528
2240,8000000,8699684
2241,19000000,8758465
2242,43000000,8768623
2243,35000000,8792641
2244,38000000,8813366
2245,7000000,8818967
2246,6000000,8821531
2247,18000000,8830000
2248,18000000,8830000
2249,45000000,8854588
2250,18000000,8906039
2251,8000000,8938179
2252,4000000,9008928
2253,5000000,9015786
2254,1000000,9042266
2255,36000000,9045037
2256,28000000,9053924
2257,5000000,9100000
2258,5000000,9123773
2259,12000000,9133087
2260,18000000,9141959
2261,9000000,9225165
2262,180000,9257933
2263,8000000,9278980
2264,17000000,9284475
2265,2000000,9284657
2266,25000000,9300771
2267,44000000,9300852
2268,5000000,9343976
2269,12000000,9370057
2270,17700000,9387695
2271,300000000,9404152
2272,8000000,9427926
2273,4000000,9464388
2274,2000000,9533945
2275,8000000,9536788
2276,2000000,9546543
2277,53000000,9563543
2278,60000000,9688384
2279,20000000,9753944
2280,9000000,9761993
2281,3300000,9792000
2282,8000000,9843379
2283,40000000,9851591
2284,13000000,9858926
2285,15000000,9881000
2286,7000000,9901126
2287,20000000,9975979
2288,15000000,9984868
2289,25000000,10000629
2290,90000000,10012500
2291,90000000,10018837
2292,20000000,10028592
2293,100000,10074663
2294,8000000,10090181
2295,44000000,10116191
2296,30000000,10118420
2297,5000000,10126948
2298,5000000,10152879
2299,17000000,10154426
2300,25000,10221600
2301,30000000,10247512
2302,127500000,10248063
2303,12000000,10331028
2304,100000000,10332737
2305,10000000,10338609
2306,10000000,10339754
2307,6500000,10342303
2308,28000000,10372662
2309,10000000,10384136
2310,16500000,10396744
2311,16000000,10400000
2312,15000000,10440971
2313,80000000,10443603
2314,50000000,10470220
2315,7000000,10474107
2316,2500000,10495673
2317,3500000,10500000
2318,2000000,10555230
2319,30000000,10566655
2320,3000000,10684949
2321,1100000,10706119
2322,35000000,10802315
2323,90000000,10853835
2324,17000000,10854896
2325,40000000,10859889
2326,12000000,10905674
2327,1800000,10984397
2328,26000000,10985501
2329,37000000,11006503
2330,5000000,11017403
2331,5000000,11017403
2332,9000000,11035310
2333,207000000,11051260
2334,207000000,11051260
2335,207000000,11051260
2336,32000000,11095600
2337,50000000,11112916
2338,27000000,11122105
2339,20000000,11146570
2340,15000000,11161406
2341,80000000,11188905
2342,55000000,11365290
2343,10000000,11371425
2344,15000000,11384919
2345,30000000,11407470
2346,15000000,11421314
2347,25000000,11447959
2348,11500000,11454968
2349,65000,11464368
2350,14000000,11482931
2351,28000000,11514713
2352,27000000,11536376
2353,10600000,11560085
2354,14000000,11571351
2355,20000000,11584722
2356,10000000,11589307
2357,6000000,11605861
2358,2000000,11622333
2359,90000000,11643008
2360,4000000,11655665
2361,2000000,11746550
2362,250000,11756514
2363,25000000,11833473
2364,20000000,11838002
2365,60000000,11844424
2366,2500000,11900000
2367,40000000,12000688
2368,20000000,12014289
2369,30000000,12043633
2370,20000000,12051917
2371,30000000,12057340
2372,30000000,12071069
2373,58000000,12117571
2374,50200000,12253315
2375,21000000,12313582
2376,50000000,12318875
2377,40000000,12320979
2378,190000000,12351611
2379,45000000,12362581
2380,3000000,12369573
2381,5000000,12382982
2382,30000000,12385520
2383,8000000,12400000
2384,42000000,12414716
2385,15000000,12441122
2386,90000000,12515793
2387,120000000,12550960
2388,9000000,12569041
2389,6000000,12621249
2390,48000000,12652036
2391,38000000,12668906
2392,2000000,12673301
2393,13000000,12675765
2394,54000000,12676062
2395,5000000,12683670
2396,600000,12700000
2397,16000000,12734552
2398,25000000,12738400
2399,5000000,12768000
2400,46000000,12918501
2401,80000000,12969824
2402,11000000,12978402
2403,20000000,12983713
2404,3500000,13001785
2405,15000000,13014536
2406,17000000,13050028
2407,8500000,13064616
2408,40000000,13082743
2409,3000000,13101109
2410,47000000,13154431
2411,55000000,13218041
2412,25000000,13230435
2413,12000000,13240988
2414,7000000,13257000
2415,68000000,13257500
2416,12000000,13277561
2417,4000000,13314483
2418,17000000,13324946
2419,40000000,13337608
2420,20000000,13422556
2421,2500000,13435068
2422,14000000,13515786
2423,13000000,13539321
2424,70000000,13552429
2425,1000000,13564027
2426,15000000,13637507
2427,60000000,13648142
2428,5000000,13656400
2429,20000000,13687630
2430,23000000,13696761
2431,60000000,13701902
2432,25000000,13747385
2433,55000000,13750000
2434,12000000,13776062
2435,66000000,13883359
2436,30000000,13894863
2437,40000000,13955614
2438,31000000,13983704
2439,27000000,14008532
2440,25000000,14008741
2441,22000000,14020063
2442,70000000,14049211
2443,13000000,14052167
2444,60000000,14058698
2445,9000000,14078294
2446,15000000,14106737
2447,20000000,14126138
2448,36000000,14129186
2449,26000000,14168080
2450,8000000,14168359
2451,8000000,14201636
2452,36000000,14213619
2453,5000000,14281235
2454,15000000,14302097
2455,45000000,14365105
2456,25000000,14399750
2457,5000000,14421271
2458,35000000,14474048
2459,19800000,14490142
2460,8000000,14551000
2461,61000000,14573300
2462,500000,14680000
2463,6000000,14772796
2464,80000000,14822707
2465,16000000,14857814
2466,25000000,14880476
2467,78000000,14930005
2468,55000000,14951824
2469,46000000,14962878
2470,1100000,14967035
2471,40000000,14967359
2472,6000000,15005329
2473,62000000,15086030
2474,28000000,15097652
2475,15000000,15102717
2476,15000000,15127963
2477,33000000,15169908
2478,900000,15197842
2479,25000000,15218903
2480,15000000,15226144
2481,150000000,15230261
2482,15000000,15259652
2483,60000000,15280058
2484,12000000,15281507
2485,110000000,15332007
2486,10000000,15339117
2487,60000000,15370763
2488,13000000,15399192
2489,18000000,15404871
2490,22700000,15419483
2491,20000000,15422828
2492,10000000,15464480
2493,13000000,15501605
2494,9000000,15530513
2495,110000000,15531634
2496,30000000,15542421
2497,21000000,15581633
2498,20000000,15596227
2499,10000000,15600000
2500,8000000,15618786
2501,60000000,15638743
2502,30000000,15645204
2503,24000000,15687528
2504,5000000,15733485
2505,60000000,15764085
2506,5000000,15773070
2507,45000000,15786269
2508,7000000,15800000
2509,12000000,15829874
2510,13000000,15972187
2511,24000000,15989008
2512,20000000,15990505
2513,9000000,16000000
2514,50000000,16002004
2515,19000000,16033759
2516,25000000,16067398
2517,10500000,16089953
2518,115000000,16144183
2519,3000000,16184015
2520,5000000,16197315
2521,23000000,16235088
2522,6000000,16235901
2523,2800000,16370001
2524,12000000,16435406
2525,15000000,16471430
2526,3000000,16472057
2527,54000000,16496802
2528,500000,16500000
2529,5000000,16501098
2530,48000000,16505912
2531,9000000,16530884
2532,10000000,16583369
2533,15000000,16585300
2534,25000000,16597830
2535,14000000,16628981
2536,79000000,16632614
2537,92000000,16638745
2538,20000000,16658108
2539,11000000,16669413
2540,32000000,16814909
2541,100000000,16866727
2542,20000000,16874745
2543,30000000,16875468
2544,13000000,16959436
2545,1000000,16986000
2546,5000000,16994911
2547,150000000,17007184
2548,150000000,17007184
2549,40000000,17011847
2550,60000000,17032279
2551,2000000,17067631
2552,1000000,17112929
2553,28000000,17162741
2554,65000000,17226474
2555,4000000,17244913
2556,22000000,17263506
2557,6000000,17272306
2558,35000000,17277485
2559,1200000,17288314
2560,3500000,17303237
2561,20000000,17442180
2562,27000000,17450000
2563,25000000,17478175
2564,20000000,17567440
2565,20000000,17567440
2566,6500000,17603594
2567,20000000,17672350
2568,68000000,17707116
2569,15000000,17721635
2570,15000000,17721635
2571,10000000,17736779
2572,50000000,17823573
2573,1250000,17850000
2574,66000000,17892374
2575,24000000,17895491
2576,8000000,17926543
2577,3000000,17966644
2578,40000000,17981889
2579,42000000,17992760
2580,20000000,18037513
2581,30000000,18043505
2582,8000000,18049082
2583,17000000,18143332
2584,2000000,18167424
2585,142000000,18201106
2586,22000000,18270895
2587,6500000,18292061
2588,16000000,18308901
2589,130000000,18337537
2590,15000000,18386128
2591,15000000,18386128
2592,12000000,18400000
2593,92000000,18416702
2594,48000000,18488090
2595,4500000,18531390
2596,15000000,18565375
2597,7000000,18625110
2598,17000000,18635046
2599,14000000,18645546
2600,33000000,18758599
2601,15000000,18771174
2602,15000000,18860010
2603,10000000,18873374
2604,37000000,19044241
2605,6000000,19047631
2606,40000000,19068786
2607,2200000,19100000
2608,20000000,19103378
2609,5000000,19138847
2610,20000000,19143839
2611,12000000,19155435
2612,12000000,19179516
2613,30000000,19185998
2614,21000000,19219708
2615,100000000,19219978
2616,35000000,19228104
2617,130000000,19234747
2618,6000000,19244700
2619,8000000,19362712
2620,10000000,19392418
2621,12000000,19397498
2622,2800000,19402612
2623,25000000,19455658
2624,26000000,19489752
2625,36000000,19500000
2626,10000000,19500000
2627,26000000,19506619
2628,55000000,19540762
2629,40000000,19588068
2630,12000000,19597131
2631,12000000,19691811
2632,25000000,19700000
2633,20000000,19737645
2634,8200000,19779400
2635,5000000,19809547
2636,215000000,19903076
2637,215000000,19903076
2638,12000000,19990064
2639,110000000,19995817
2640,75000000,19999143
2641,15000000,20007180
2642,60000000,20033643
2643,60000000,20033643
2644,15000000,20054909
2645,8500000,20063926
2646,25000000,20089048
2647,34000000,20132596
2648,80000000,20169068
2649,6000000,20236603
2650,60000000,20281096
2651,35000000,20291815
2652,30000000,20300000
2653,10000000,20306281
2654,1000000,20378000
2655,1000000,20378000
2656,50000000,20450000
2657,26000000,20455802
2658,55000000,20530832
2659,45000000,20557989
2660,17000000,20566230
2661,60000000,20574010
2662,10000000,20651422
2663,61000000,20687587
2664,14000000,20700000
2665,14000000,20700000
2666,8500000,20700000
2667,38000000,20700247
2668,14000000,20793160
2669,35000000,20802754
2670,15000000,20887263
2671,65000000,20911262
2672,30000000,20921738
2673,17000000,20939782
2674,23000000,20984230
2675,39000000,21000000
2676,29000000,21041732
2677,6500000,21045445
2678,30000000,21097664
2679,30000000,21109400
2680,80000000,21111837
2681,11000000,21131483
2682,55000000,21137505
2683,30000000,21185897
2684,46000000,21263182
2685,26000000,21285499
2686,16000000,21300107
2687,48000000,21304264
2688,4000000,21359200
2689,30000000,21432423
2690,6000000,21457409
2691,3000000,21475193
2692,30000000,21475962
2693,19800000,21500105
2694,90000000,21544445
2695,2100000,21550000
2696,51000000,21601713
2697,54000000,21604320
2698,3000000,21629916
2699,3500000,21638292
2700,66000000,21704396
2701,7000000,21747570
2702,3000000,21788807
2703,45000000,21790248
2704,25000000,21836394
2705,19000000,21846082
2706,20000000,21867960
2707,35000000,21876365
2708,16000000,21882551
2709,28000000,21968653
2710,58000000,22021740
2711,58000000,22021740
2712,10000000,22101000
2713,26000000,22114556
2714,2883848,22116152
2715,25000000,22124400
2716,31000000,22133888
2717,16000000,22176108
2718,42000000,22238770
2719,5000000,22285953
2720,5000000,22296514
2721,11000000,22305037
2722,75000000,22360069
2723,30000000,22418902
2724,9000000,22487293
2725,3300000,22499043
2726,3500000,22505908
2727,60000000,22569532
2728,20000000,22652003
2729,100000,22657819
2730,60000000,22670733
2731,5000000,22689474
2732,32000000,22696902
2733,2000000,22800000
2734,15000000,22877959
2735,60000000,22931301
2736,30000000,22937130
2737,80000000,22981571
2738,165000000,22991439
2739,10000000,23000000
2740,30000000,23021560
2741,80000000,23028109
2742,10000000,23071558
2743,25000000,23237389
2744,175000000,23332128
2745,11000000,23334256
2746,37000000,23338891
2747,50000000,23343413
2748,18000000,23382841
2749,16000000,23511038
2750,1200000,23541700
2751,10000000,23583175
2752,890000,23585416
2753,30000000,23680848
2754,55000000,23745923
2755,8500000,23779955
2756,20000000,23818159
2757,16000000,23825798
2758,16000000,23825798
2759,26000000,23874933
2760,12305523,23894477
2761,7500000,24001218
2762,25000000,24024969
2763,11500000,24037564
2764,14000000,24048637
2765,80000000,24054514
2766,6000000,24093107
2767,6000000,24093107
2768,13500000,24123143
2769,3000000,24200000
2770,9000000,24244684
2771,2500000,24281723
2772,46000000,24327868
2773,18000000,24335698
2774,210000000,24360014
2775,16000000,24363530
2776,3500000,24400000
2777,3500000,24400000
2778,39000000,24411478
2779,165000000,24412677
2780,110000000,24520804
2781,33000000,24651794
2782,35000000,24699513
2783,1800000,24705000
2784,1800000,24705000
2785,6900000,24707598
2786,120000000,24795350
2787,26000000,24800000
2788,79000000,24812241
2789,7500000,24833860
2790,100000000,24870275
2791,7500000,24891374
2792,20000000,24988180
2793,45000000,25001065
2794,35000000,25054449
2795,15000000,25064955
2796,9000000,25074895
2797,12000000,25188667
2798,12000000,25188667
2799,6500000,25399000
2800,35000000,25400856
2801,65000000,25454043
2802,8500000,25517854
2803,18000000,25601508
2804,50000000,25605492
2805,17000000,25660000
2806,20000000,25670855
2807,17000000,25672630
2808,21000000,25700000
2809,12000000,25707719
2810,10000000,25794166
2811,18000000,25853424
2812,13000000,25916903
2813,30000000,26068547
2814,75000000,26087161
2815,12000000,26087366
2816,16500000,26200000
2817,45000000,26277420
2818,20000000,26363118
2819,8500000,26372293
2820,45000000,26423726
2821,40000000,26466372
2822,25000000,26533608
2823,12000000,26624000
2824,31115000,26635000
2825,16000000,26638165
2826,16000000,26638165
2827,25000000,26676606
2828,8000000,26746109
2829,11000000,26766350
2830,15000000,26777564
2831,29000000,26845943
2832,25000000,26853450
2833,8000000,26963967
2834,22000000,27002815
2835,9000000,27049108
2836,40000000,27061228
2837,27000000,27200000
2838,150000000,27243721
2839,4000000,27252964
2840,11000000,27317535
2841,27800000,27410049
2842,5000000,27453345
2843,17000000,27469602
2844,10000000,27470017
2845,25000000,27528330
2846,15000000,27592530
2847,54000000,27645152
2848,12000000,27647595
2849,70000000,27680195
2850,23000000,27693162
2851,10500000,27701895
2852,85000000,27703470
2853,2200000,27800000
2854,20000000,27852604
2855,31000000,27879132
2856,20000000,27887943
2857,15000000,27919096
2858,15000000,27919096
2859,55000000,28000000
2860,15000000,28022524
2861,11000000,28025000
2862,60000000,28200225
2863,33000000,28280963
2864,32000000,28328558
2865,3600000,28368347
2866,7000000,28400000
2867,20000000,28423368
2868,12500000,28462534
2869,8000000,28500000
2870,103000000,28536019
2871,20000000,28546578
2872,34000000,28700000
2873,30000000,28715510
2874,22000000,28728000
2875,65000000,28771072
2876,35000000,28826569
2877,15000000,28848100
2878,70000000,28895417
2879,35000000,28939454
2880,3500159,29041560
2881,25000000,29098051
2882,5000000,29099640
2883,22000000,29483949
2884,45000000,29484168
2885,16000000,29507053
2886,35000000,29604977
2887,15000000,29667095
2888,2500000,29730907
2889,150000000,29883016
2890,50000000,29948113
2891,4500000,29968224
2892,150000000,29982968
2893,80000000,29993847
2894,500000,30000882
2895,102000000,30014112
2896,30000000,30033780
2897,40000000,30100000
2898,100000000,30127620
2899,40000000,30163652
2900,11000000,30227069
2901,30000000,30269340
2902,50000000,30270227
2903,23000000,30302314
2904,5500000,30311509
2905,60000000,30341670
2906,40000000,30405498
2907,10000000,30485039
2908,1000000,30537320
2909,90000000,30618403
2910,6600000,30695394
2911,83532,30775468
2912,83532,30775468
2913,1800000,30800000
2914,40000000,30836296
2915,2500000,30849949
2916,25000000,30973336
2917,5000000,31000000
2918,21000000,31008288
2919,150000000,31015141
2920,50000000,31022333
2921,30000000,31094903
2922,30000000,31094903
2923,13000000,31134898
2924,99000000,31174897
2925,806947,31193053
2926,70000000,31217900
2927,45000000,31261036
2928,115000000,31282411
2929,40000000,31347010
2930,21000000,31353636
2931,35000000,31359959
2932,4000000,31385560
2933,20000000,31431160
2934,25000000,31505065
2935,50000000,31517441
2936,21000000,31691009
2937,13000000,31726644
2938,14500000,31838728
2939,26000000,31859105
2940,6500000,31900000
2941,145000000,31997107
2942,4000000,32000000
2943,230000000,32030663
2944,20000000,32066000
2945,8000000,32066497
2946,85000000,32144465
2947,37000000,32148997
2948,4000000,32200000
2949,80000000,32225777
2950,22000000,32235441
2951,40000000,32266306
2952,40000000,32306065
2953,58000000,32356857
2954,40000000,32455275
2955,7000000,32462438
2956,2000000,32522221
2957,35000000,32523385
2958,110000000,32614158
2959,68000000,32614858
2960,14000000,32800000
2961,34000000,32808615
2962,15000000,32811275
2963,15000000,32811275
2964,15000000,32860214
2965,30000000,32877175
2966,26000000,32885635
2967,26000000,32885635
2968,500000,32951479
2969,35000000,32962333
2970,20000000,33146000
2971,87000000,33147445
2972,7000000,33158000
2973,24000000,33262492
2974,92000000,33305545
2975,60000000,33307796
2976,70000000,33338338
2977,225000000,33355354
2978,60000000,33375151
2979,27000000,33491560
2980,30000000,33536011
2981,17500000,33553787
2982,13000000,33563158
2983,18000000,33600000
2984,9500000,33600000
2985,13000000,33729374
2986,22000000,33762229
2987,6000000,33800000
2988,200000000,33914986
2989,7000000,33983001
2990,29000000,34034755
2991,25000000,34073773
2992,40000000,34098862
2993,30000000,34172251
2994,1700000,34218429
2995,73000000,34225164
2996,50000000,34244877
2997,28000000,34300000
2998,6900000,34500000
2999,35000000,34700000
3000,55000000,34706988
3001,10000000,34886089
3002,15000000,35003300
3003,65000000,35003492
3004,23000000,35006147
3005,30000000,35010106
3006,36000000,35026631
3007,14000000,35122319
3008,14000000,35122319
3009,3000000,35168022
3010,4000000,35200000
3011,37000000,35279690
3012,40000000,35305995
3013,210000000,35428137
3014,25000000,35443237
3015,65000000,35448498
3016,65000000,35468793
3017,26000000,35490000
3018,12500000,35592846
3019,28000000,35910583
3020,35000000,35960517
3021,7500000,35990057
3022,13000000,36121934
3023,12500000,36137684
3024,20000000,36154094
3025,30000000,36207920
3026,22000000,36328680
3027,170000000,36360018
3028,20000000,36362352
3029,28000000,36371181
3030,10000000,36377022
3031,20000000,36398162
3032,30000000,36468315
3033,15000000,36527787
3034,30000000,36528842
3035,30000000,36600000
3036,7200000,36600000
3037,140000000,36636816
3038,80000000,36643346
3039,20000000,36667870
3040,17000000,36868030
3041,16000000,36885587
3042,9400000,36900000
3043,8000000,37063889
3044,17000000,37239856
3045,30000000,37253092
3046,17000000,37257433
3047,17000000,37322273
3048,5000000,37365600
3049,10000000,37536959
3050,10000000,37536959
3051,2500000,37541683
3052,6000000,37650000
3053,22000000,37696176
3054,20000000,37744720
3055,16000000,38000000
3056,35000000,38023275
3057,18000000,38127162
3058,125000000,38192114
3059,125000000,38192114
3060,45000000,38287363
3061,53000000,38400000
3062,13800000,38493982
3063,170000000,38543795
3064,50000000,38658172
3065,13000000,38697449
3066,190000000,38756232
3067,5000000,38771291
3068,5000000,38771291
3069,11000000,38797148
3070,55000000,38815117
3071,13000000,38872378
3072,28000000,38950483
3073,500000,39052600
3074,19000000,39156435
3075,1800000,39190055
3076,28000000,39266300
3077,13200000,39343632
3078,5000000,39456509
3079,11000000,39461335
3080,51000000,39567722
3081,19000000,39571513
3082,26000000,39703412
3083,105000000,39812796
3084,105000000,39812796
3085,17000000,39816662
3086,20000000,40072596
3087,30000000,40098138
3088,80000000,40136047
3089,15000000,40184721
3090,35000000,40274748
3091,4500000,40293200
3092,35000000,40367693
3093,27500000,40400000
3094,4000000,40566004
3095,35000000,40668868
3096,10000000,40752337
3097,72000000,40950721
3098,9000000,41000000
3099,50000000,41030827
3100,30000000,41038190
3101,85000000,41149655
3102,24000000,41182182
3103,48000000,41253340
3104,40000000,41292135
3105,50000000,41439400
3106,25000000,41489425
3107,18000000,41573085
3108,40000000,41593527
3109,78000000,41793567
3110,30250000,41827000
3111,11000000,41929168
3112,18000000,42057639
3113,10000000,42200504
3114,28000000,42235322
3115,135000000,42343675
3116,135000000,42343675
3117,135000000,42343675
3118,3500000,42357453
3119,3500000,42357453
3120,7000000,42369900
3121,90000000,42373442
3122,4800000,42477326
3123,40000000,42522790
3124,27000000,42586544
3125,140000000,42618434
3126,75000000,42698894
3127,85000000,42706877
3128,12000000,42724272
3129,120000000,42792677
3130,20000000,42933793
3131,28000000,43346930
3132,16500000,43347242
3133,45000000,43504640
3134,45000000,43625922
3135,55000000,43711404
3136,180000000,43806889
3137,75000000,43823091
3138,40000000,43906114
3139,35000000,44100000
3140,400000,44140956
3141,60000000,44148781
3142,20000000,44149837
3143,8000000,44287414
3144,13000000,44300000
3145,80000000,44590960
3146,12000000,44631572
3147,12000000,44715371
3148,15000000,44735548
3149,30000000,44787599
3150,45000000,44808372
3151,5500000,44882128
3152,30000000,44888996
3153,150000000,45000874
3154,63000000,45012170
3155,3000000,45056940
3156,110000000,45181732
3157,19000000,45255243
3158,60000000,45264608
3159,35000000,45276912
3160,26000000,45500556
3161,75000000,45523073
3162,48000000,45607673
3163,20000000,45623128
3164,25000000,45625986
3165,45000000,45703745
3166,75000000,45776832
3167,5000000,45820940
3168,42000000,45856565
3169,10000000,45865715
3170,10800000,45929973
3171,11500000,45969179
3172,60000000,46126012
3173,35000000,46150692
3174,35000000,46159365
3175,35000000,46257845
3176,24000000,46269171
3177,25000000,46309760
3178,15000000,46400000
3179,30000000,46501438
3180,55000000,46530738
3181,9800000,46637947
3182,300000,46700000
3183,300000,46700000
3184,300000,46700000
3185,70000000,46735231
3186,30000000,46806312
3187,19000000,46807024
3188,18000000,46955956
3189,25000000,46975611
3190,45000000,47001027
3191,13000000,47008303
3192,45000000,47115211
3193,35000000,47300000
3194,31500000,47300000
3195,48000000,47308367
3196,20000000,47325559
3197,14000000,47356221
3198,70000000,47541000
3199,38000000,47570368
3200,40000000,47666629
3201,9500000,47676582
3202,6500000,47715416
3203,80000000,47968405
3204,17000000,47998368
3205,6500000,48057348
3206,6500000,48057348
3207,3000000,48100000
3208,32000000,48197993
3209,4500000,48200832
3210,35000000,48299761
3211,100000000,48383780
3212,45000000,48452056
3213,17000000,48535067
3214,135000000,48635922
3215,58000000,48635996
3216,13000000,48693523
3217,6000000,48800000
3218,5000000,48884821
3219,15000000,49001297
3220,40000000,49138076
3221,60000000,49176215
3222,25000000,49273505
3223,55000000,49354205
3224,30000000,49566871
3225,70000000,49654900
3226,130000000,50191634
3227,55000000,50263257
3228,32000000,50301521
3229,80000000,50313314
3230,50000000,50328194
3231,40000000,50353764
3232,8000000,50401464
3233,140000000,50418803
3234,68000000,50471320
3235,65000000,50603980
3236,65000000,50603980
3237,24000000,50608545
3238,65000000,50731542
3239,40000000,50835030
3240,38000000,50915214
3241,30000000,50920948
3242,12000000,51071133
3243,76000000,51083765
3244,35000000,51208010
3245,14800000,51209973
3246,25000000,51270454
3247,26000000,51324422
3248,6000000,51504069
3249,20000000,51588220
3250,4900000,51636016
3251,27000000,51651430
3252,8000000,51889948
3253,250000000,51956980
3254,23600000,51990286
3255,55000000,52100855
3256,30000000,52163317
3257,135000000,52165546
3258,1000000,52245055
3259,25000000,52264926
3260,185000000,52282182
3261,18000000,52360285
3262,165000000,52387997
3263,1500000,52491137
3264,12000000,52572496
3265,15600000,52925609
3266,75000000,53200012
3267,12000000,53269010
3268,10000000,53270259
3269,5500000,53300000
3270,10000000,53319509
3271,28000000,53350242
3272,17000000,53492685
3273,12000000,53500000
3274,90000000,53618384
3275,25000000,53656813
3276,80000000,53668525
3277,15000000,53856263
3278,40000000,53952276
3279,1200000,53953403
3280,40000000,54125426
3281,60000000,54195633
3282,54000000,54200000
3283,65000000,54412921
3284,65000000,54412921
3285,9000000,54600000
3286,25000000,54817937
3287,17000000,55000000
3288,40000000,55001343
3289,25000000,55034302
3290,20000000,55072454
3291,40000000,55149435
3292,37000000,55173235
3293,17000000,55219395
3294,150000000,55343774
3295,100000000,55370362
3296,30000000,55416609
3297,20000000,55597042
3298,40000000,55720716
3299,45000000,55768056
3300,50000000,55807520
3301,14000000,56001698
3302,31000000,56100000
3303,14600000,56306973
3304,150000000,56435493
3305,80000000,56448821
3306,150000000,56456431
3307,45000000,56702060
3308,15000000,56897215
3309,40000000,56917897
3310,56000000,57006880
3311,61000000,57153533
3312,6000000,57231524
3313,165000000,57487711
3314,12000000,58011073
3315,75000000,58103929
3316,26000000,58136909
3317,65000000,58307945
3318,15000000,58326666
3319,10000000,58353550
3320,52000000,58476776
3321,140000000,58539855
3322,25000000,58813460
3323,75000000,59006721
3324,5000000,59267897
3325,17000000,59400000
3326,12000000,59502303
3327,75000000,59568845
3328,10000000,59800000
3329,13000000,60000942
3330,62000000,60012710
3331,20000000,60050171
3332,20000000,60050171
3333,12000000,60217000
3334,2300000,60249000
3335,27000000,60341380
3336,180000000,61407328
3337,3000000,61423650
3338,60000000,61468960
3339,140000000,61573391
3340,125000000,61739919
3341,45000000,61793915
3342,8000000,61800000
3343,45000000,61807667
3344,125000000,61830669
3345,48000000,62000082
3346,40000000,62310175
3347,9000000,62519230
3348,20000000,62624961
3349,31000000,62749203
3350,100000000,62804648
3351,12000000,63074950
3352,85000000,63313048
3353,23000000,63930411
3354,145000000,64364921
3355,20000000,64518155
3356,25000000,65135191
3357,17000000,65234139
3358,17000000,65389560
3359,26000000,65457688
3360,75000000,65459099
3361,60000000,65603360
3362,80000000,65771527
3363,85000000,65832203
3364,125000000,65871240
3365,125000000,65871240
3366,10700000,65900000
3367,10700000,65900000
3368,225000000,66021565
3369,95000000,66317423
3370,120000000,66336103
3371,52000000,66683135
3372,18500000,66700000
3373,33000000,67125340
3374,70000000,67340146
3375,40000000,67458785
3376,12000000,67568000
3377,11000000,67900000
3378,11000000,67900000
3379,34000000,68413606
3380,200000000,68488329
3381,25000000,68571803
3382,22000000,68636983
3383,40000000,68706165
3384,10000000,68845130
3385,14000000,69025853
3386,17000000,69049418
3387,84000000,69288182
3388,8000000,69413017
3389,32000000,69470202
3390,10000000,70150343
3391,30000000,70422786
3392,70000000,71204016
3393,37000000,71244774
3394,145000000,71366733
3395,8200000,71800000
3396,8200000,71800000
3397,32000000,72632573
3398,71500000,72656464
3399,100000000,73005002
3400,165000000,73371987
3401,52000000,73548685
3402,38000000,73760631
3403,42000000,74006080
3404,22000000,74067179
3405,20000000,74497271
3406,35000000,74712885
3407,54000000,74769345
3408,35000000,75008260
3409,80000000,75019340
3410,73000000,75213377
3411,25000000,75241322
3412,10000000,75300000
3413,38000000,75502246
3414,41000000,75724075
3415,6500000,76028097
3416,50000000,76088877
3417,48000000,76107476
3418,82000000,76115031
3419,50000000,76203320
3420,24000000,76491683
3421,30000000,76694016
3422,4500000,76700000
3423,60000000,76801374
3424,16000000,76823600
3425,50000000,76975169
3426,18000000,77001351
3427,14000000,77121452
3428,24000000,77334374
3429,35000000,77692062
3430,6500000,77763837
3431,150000000,77946274
3432,50000000,77997349
3433,13000000,78038276
3434,30000000,78360000
3435,40000000,78500000
3436,258000000,78530303
3437,258000000,78530303
3438,5000000,78574831
3439,15000000,79175854
3440,55000000,79218018
3441,60000000,79225854
3442,26000000,79444419
3443,16400000,79460116
3444,17000000,79471845
3445,12000000,79547205
3446,11000000,79556401
3447,3500000,79900000
3448,100000000,80011740
3449,100000000,80011740
3450,250000000,80249062
3451,20000000,80292856
3452,46000000,80805112
3453,2600000,81700000
3454,3000000,81749884
3455,80000000,82001186
3456,70000000,82149590
3457,75000000,82299717
3458,35000000,82528646
3459,8000000,82800000
3460,8000000,82800000
3461,80000000,82831698
3462,20000000,82922376
3463,4000000,83025093
3464,60000000,83151473
3465,26000000,83243478
3466,2800000,83500000
3467,93000000,83740650
3468,100000000,84031112
3469,26000000,84222438
3470,103000000,84670866
3471,25000000,84713132
3472,125000000,84805005
3473,50000000,85014968
3474,40000000,85069696
3475,130000000,85395021
3476,45000000,85512915
3477,30000000,85646235
3478,30000000,85648585
3479,75000000,85762022
3480,40000000,86546825
3481,55000000,86600000
3482,30000000,86631310
3483,14400000,86757447
3484,15000000,86978840
3485,30000000,87559438
3486,85000000,87620724
3487,61000000,87775460
3488,15000000,88001286
3489,93000000,88166115
3490,74000000,88495848
3491,38000000,89214072
3492,80000000,89692572
3493,35000000,89732962
3494,170000000,89746958
3495,125000000,90397307
3496,11000000,90736215
3497,4000000,90900000
3498,28000000,91518352
3499,44500000,91519448
3500,52000000,91704210
3501,30000000,92012643
3502,125000000,92536138
3503,15800000,93506210
3504,13000000,93952327
3505,20000000,94324072
3506,20000000,94324072
3507,45000000,94852971
3508,30000000,95014030
3509,25000000,96248145
3510,6000000,96300000
3511,6000000,96308900
3512,42000000,96447667
3513,15000000,96936400
3514,25000000,96945720
3515,18000000,96968774
3516,20000000,97224271
3517,50000000,97637474
3518,100000000,97992827
3519,85000000,98405771
3520,40000000,98614544
3521,5000000,99007828
3522,7500000,99093296
3523,35000000,99455175
3524,33000000,99541238
3525,8000000,99930000
3526,10000000,100175871
3527,50000000,100315155
3528,11000000,100722000
3529,80000000,100965237
3530,75000000,101049130
3531,40000000,101340178
3532,20000000,101463226
3533,4000000,101500000
3534,20000000,101697350
3535,18000000,101938730
3536,132000000,102277056
3537,102000000,102843350
3538,50000000,103620822
3539,98000000,104007640
3540,200000000,104360277
3541,200000000,104360277
3542,110000000,104948780
3543,95000000,106148159
3544,95000000,106148159
3545,150000000,106386216
3546,44000000,106415432
3547,38000000,106512310
3548,38000000,106512310
3549,38000000,106512310
3550,90000000,106573705
3551,7000000,106709992
3552,61000000,106735396
3553,70000000,107575142
3554,55000000,107586036
3555,4400000,107600000
3556,150000000,107704099
3557,15000,107902283
3558,75000000,108132370
3559,63000000,108383253
3560,19400870,108899130
3561,25000000,109141530
3562,35000000,109731527
3563,62000000,110071312
3564,40000000,110117807
3565,18000000,110505958
3566,13000000,110922370
3567,21000000,111088910
3568,16000000,111175354
3569,55000000,111225040
3570,180000000,111709845
3571,19000000,111727000
3572,200000000,112057433
3573,52000000,112435221
3574,58000000,112708996
3575,70000000,112805123
3576,12000000,112868837
3577,15000000,113067808
3578,6000000,113078393
3579,37000000,113368971
3580,777000,114223000
3581,15000000,115058047
3582,33000000,115085755
3583,30000000,115096820
3584,80000000,115329763
3585,960000,116275247
3586,42000000,116348400
3587,43000000,116578352
3588,2600000,116900000
3589,110000000,117137090
3590,65000000,117204440
3591,20000000,117387272
3592,59000000,117387405
3593,48000000,117500000
3594,175000000,117979556
3595,75000000,118136719
3596,30000000,118734225
3597,90000000,119019489
3598,130000000,119358727
3599,25000000,120000989
3600,108000000,120430993
3601,160000000,121666058
3602,22000000,122833357
3603,15000000,123795342
3604,40000000,123947053
3605,120000000,124052771
3606,28000000,125665036
3607,45000000,125684505
3608,40000000,126147885
3609,15000000,126319195
3610,10000000,128339411
3611,6000000,128821952
3612,34200000,129279795
3613,150000000,131492479
3614,6000000,131963328
3615,185000000,132011114
3616,18000000,132056505
3617,160000000,132568851
3618,28000000,133029270
3619,38000000,133031347
3620,200000000,134185206
3621,200000000,134185206
3622,7500000,135992840
3623,7500000,135992840
3624,90000000,136138454
3625,45000000,136395380
3626,32500000,136576745
3627,123000000,137031035
3628,11000000,137170000
3629,3000000,138600000
3630,44000000,139875760
3631,150000000,139994397
3632,33000000,140381405
3633,60000,140470114
3634,110000000,140863268
3635,20000000,141487252
3636,50000000,141616238
3637,150000000,142000866
3638,14000000,142645693
3639,90000000,143630478
3640,75000000,144613391
3641,25000000,144705587
3642,65000000,145592590
3643,70000000,146119491
3644,25000000,147825435
3645,48000000,149171806
3646,92000000,149688385
3647,63000000,150079163
3648,28000000,151870271
3649,23000000,153483808
3650,5500000,154100000
3651,29000000,154436380
3652,37000000,154449475
3653,37000000,154449475
3654,8200000,155014286
3655,22000000,155200000
3656,18000000,155585516
3657,90000000,155823397
3658,72000000,155965690
3659,73000000,156074524
3660,11000000,156780960
3661,250000000,157197282
3662,60000000,157326336
3663,195000000,157358779
3664,190000000,160034110
3665,90000000,160147615
3666,160000000,160706665
3667,81000000,161589580
3668,15000000,161781728
3669,30000000,161796233
3670,100000000,161970615
3671,22000000,162208848
3672,170000000,163130696
3673,14000000,164406268
3674,140000000,165388685
3675,8800000,165835000
3676,50000000,168628680
3677,150000000,168759914
3678,92000000,169437578
3679,120000000,172298923
3680,120000000,172298923
3681,33000000,172399422
3682,200000000,173377893
3683,100000000,174084951
3684,80000000,174455986
3685,115000000,174907418
3686,6000000,175360000
3687,140000000,178298180
3688,175000000,181454367
3689,69000000,182501645
3690,2000000,182925485
3691,175000000,187645141
3692,175000000,187645141
3693,28000000,189350219
3694,19000000,191609762
3695,125000000,192557891
3696,25000000,194200000
3697,3977000,194678278
3698,22000000,195631306
3699,115000000,195675583
3700,8000000,196565000
3701,60000000,197756197
3702,225000000,198032628
3703,250000000,198130642
3704,80000000,199167575
3705,200000000,202076689
3706,60000000,207652016
3707,250000000,208991599
3708,200000000,208992272
3709,125000000,212103873
3710,200000000,214984497
3711,35000000,216188924
3712,14000000,220760500
3713,93000000,220837577
3714,18000000,224374454
3715,29000000,226950375
3716,75000000,231124059
3717,68000000,232523113
3718,5000000,236437427
3719,35000000,242313371
3720,94000000,246478898
3721,50000000,246623634
3722,75000000,248505540
3723,150000000,250736600
3724,8000000,252000000
3725,40000000,253501675
3726,74000000,262029560
3727,139000000,264706375
3728,113000000,267262555
3729,18000000,267761243
3730,18000000,272158751
3731,55000000,274691196
3732,32500000,276625409
3733,94000000,283019252
3734,150000000,286471036
3735,94000000,286838870
3736,58800000,291323553
3737,76000000,292049635
3738,63000000,293784000
3739,130000000,294645577
3740,58000000,305024263
3741,78000000,329999255
3742,185000000,348316061
3743,115000000,359544677
3744,45000000,377783777
3745,220000000,403279547
3746,220000000,403279547
3747,10500000,424449459
3748,11000000,449935665
3749,200000000,458672302
3750,150000000,502177271
3751,237000000,523505847
